"y","x"
0.926025255636541,-3.71715669054538
-0.307969491310287,4.19736873591319
1.05299063603238,4.08864369615912
2.66038673482223,-0.059345371555537
1.52093804492331,-4.71403193194419
0.153542382832715,3.81459339288995
0.863054790304676,-1.84124594787136
0.867582648040364,1.87025524908677
1.43572632605918,1.18951663607731
2.75696290441034,-0.0300284847617149
0.133197360190749,1.74995866604149
2.04297310163704,1.13335693487898
2.44131888026905,-0.735191809944808
1.88530779856926,3.52328835986555
2.32134673542533,0.31954292440787
1.2630852171408,-1.49296547984704
1.85305083769677,-0.780944849830121
0.436311060378794,2.32903923373669
1.699824422998,3.64612454548478
2.35829373687687,0.226011697668582
0.301820311102942,2.43398461258039
0.87896974912657,3.69926929473877
2.40587173449862,0.0156007567420602
-0.159274122132126,-3.68676595389843
2.46655294608393,-0.288693660404533
1.33802933849026,4.87548967124894
-0.0211277427670885,2.23185992101207
2.08984611542539,0.262400461360812
1.37654000624924,-0.926707449834794
1.419434640084,-2.905602902174
0.318376132433329,-1.78310291608796
1.57845292204571,-2.98650029813871
0.193873246346225,4.13137538125739
1.76078935561517,3.07032960001379
1.38537936908608,-1.66336224647239
1.60179088768436,1.43211317714304
1.69280141777057,0.400457065552473
0.959542417750766,-3.44598428346217
1.81016942178501,-1.05169723043218
1.60759265593177,-0.974307535216212
0.567947574858393,1.56963204033673
-0.0854506521013281,4.94417905807495
0.151861454501743,2.76826699730009
0.596587480341991,-2.13498352561146
0.00865706370297065,-2.2989948024042
1.13698000672896,0.824565454386175
0.203471870286898,-2.08963565062732
0.294557227637341,3.90612648101524
0.0688597050554758,2.36686605960131
2.42098355933215,-3.20494836661965
2.11968391069958,-0.119835969526321
0.853001172784361,-2.71126408828422
0.260944751891337,2.16719544027001
-0.245480212178528,-2.75671445764601
0.245680833645875,-2.42319182027131
0.450198063864373,1.87506349757314
1.57896548414511,-0.401208356488496
1.18940201166063,-1.75105107715353
2.72355754430347,0.277413567528129
-0.406138220384365,2.4830291303806
1.96237299638379,-4.61627469165251
1.24370605379206,-4.82839952688664
1.79365212900445,-0.90238805860281
0.720022764252726,1.90336788073182
0.68540568275348,1.71104684239253
1.85021399050783,-1.06870765332133
1.86688702483725,-0.0848995405249298
0.496890343266078,-4.29956573992968
1.49139820290428,1.62017130525783
2.41507890679562,0.176514491904527
0.409890856694481,1.76187472417951
1.70213298631396,4.48709672549739
1.07395308566427,-2.849900808651
0.66910933644109,1.45412016892806
2.82396216078758,-3.03024457534775
2.52372766596455,-4.52535879565403
0.666372407666829,-1.80617764592171
1.64190863165259,2.92748027713969
0.810872729335198,2.02715855790302
2.2636430484063,3.35522104753181
0.822379659929693,2.9369826358743
2.70799176837877,-0.706020432990044
1.73801054407365,-4.82403292553499
0.416262218421147,-3.62016020575538
1.91863135157229,-4.423905427102
2.07434798038976,0.375262098386884
1.68396306133219,3.45922729000449
-0.273989674918527,2.17152634402737
1.15851119079551,0.916660274378955
0.941623825861018,4.84167383983731
1.13374743167315,4.7553730965592
2.45152683633326,-0.0203204504214227
1.16191454231174,2.68503896892071
1.0870557389986,-3.51149532943964
1.78626286888344,-3.32024238305166
2.09202780127531,4.74766866769642
2.288963214978,3.24939315440133
1.57244064403748,-2.95511355856434
0.907217490540093,3.67239838000387
2.67781374651022,0.106897100340575
0.346281350412818,-2.24715922260657
0.456368224937674,2.0537622179836
0.887027750281614,1.92858810070902
2.12835858676244,0.176098693627864
0.655297663678409,2.78861609986052
1.62348311169432,1.35289724217728
0.60452772565679,-2.9339778679423
0.385493815302639,1.85438381973654
1.64026561511561,1.57444476382807
0.321163459473544,2.31332594761625
2.30995290528025,-4.5785252796486
1.35490808433697,-4.34365368681028
1.64117287674757,4.84654415631667
1.18975452782756,-3.66842241957784
1.18851470828056,4.32259501889348
0.790528733976388,-4.86625941935927
2.24895736027814,4.56646935315803
1.21187699433122,-3.49436816293746
0.144042355636606,-2.06212021643296
2.54951153525408,-4.68881836393848
2.19880031747027,3.2080643158406
2.36462319812004,-0.467649733182043
0.609390270698218,-4.20530687319115
0.534132424973434,2.20868622651324
2.0101544165875,0.87474805302918
2.20427367405349,-4.55300817033276
0.220453220413351,-1.73728455323726
1.00658128254778,4.82764396816492
1.67940612023203,-0.953122870996594
-0.227613006522367,-2.20475516747683
0.66594079038703,-3.80280440673232
1.12438693865131,-2.08878131583333
1.35477276687709,3.48095978144556
2.48479255462256,-4.67346401419491
1.25162736471999,-1.24615548178554
1.34527323652882,-4.59256715839729
0.891577078487222,4.05494758626446
0.918837086308824,2.93238862417638
3.09864874444035,3.21388332173228
0.947030484735713,-3.92456270521507
0.871012035031624,-2.57915550610051
1.47711355968661,3.05059210164472
0.793843093069862,-1.9483633688651
1.24044242592688,-4.75603750441223
0.584878655173306,-1.73778386088088
2.34914005797148,-0.125197572633624
1.78863199648954,1.4672185969539
1.19295268953222,2.85960261477157
1.38916212938059,-1.61801351234317
1.9738459576606,0.919491297099739
2.31065106908202,-3.2102741766721
0.783405905558026,3.68691546842456
1.96191557301312,-0.00300662126392126
1.78488277859878,3.16453100414947
0.806805398104978,-4.92578549310565
0.679492792099674,4.8440213012509
2.65747128525138,0.403110911138356
1.76155018088122,3.09669256443158
0.205079283996033,2.08074174355716
0.706261749078081,4.7908770153299
0.309162603204643,-2.26963748922572
2.49091067048054,0.471028855536133
0.338422100654663,-2.05298644956201
2.17485312055302,-0.235276357270777
1.2660455738259,1.56617090804502
-0.266120948583044,-2.86178051028401
-0.184810133962784,2.27163780946285
0.929998558915265,1.80576624814421
-0.122359653175518,-3.90268261777237
1.63450293705694,3.09428748907521
2.72433197674943,4.4680515024811
1.05817641166595,-0.87823111563921
2.27754032682397,-0.277713006362319
2.05538632907055,0.837847827933729
1.23510933693743,-3.96844784263521
2.09437773892596,-4.64497631415725
1.7533634858171,0.74046278372407
1.19243004102412,-2.41070169489831
1.10730319396055,4.72480365540832
0.486863498981701,2.68807362765074
1.55091046573756,-4.4777498790063
1.02242362438979,-2.61430934537202
0.731656466328291,-4.17185737285763
0.580485834870711,1.97047341614962
0.753625201635558,-2.42653289576992
1.47697059032115,-1.29856312181801
0.365510264835504,1.79167730733752
1.88457176754341,-0.785452818963677
1.07926096030152,-4.78253327077255
0.57203442448958,-1.99280724627897
-0.0212862765378522,-3.98055719444528
0.55588549974636,-3.72333341510966
0.327783391069314,2.4253042251803
0.707763160275156,2.09646280156448
2.32926391598727,3.44402679242194
0.652212409681804,-1.61487157456577
1.71448404817125,0.482700497377664
-0.338654881941713,4.8867624392733
0.131843341729632,3.79010604694486
2.00951300353164,0.297417105175555
0.765166442590473,-1.57050109002739
0.250669016850877,4.09443245735019
1.07587968402054,-3.40035722125322
-0.563784361502428,2.32425099937245
1.0306028224279,-4.1639859508723
2.23611134246761,-4.72232816042379
0.226579270134834,-2.32996159233153
1.30501730486681,-4.8940156493336
0.619327177630163,-1.51064564241096
2.22973841641653,-0.083287067245692
0.133469532502404,-3.72737152734771
1.74689617335523,0.61844953102991
0.815469202047352,1.67814731830731
2.96318691107293,0.426221287343651
2.05573306472663,4.45501446956769
1.82185573802534,-3.50971156032756
2.23538988493978,0.210810238495469
1.6744005037747,-0.839229191187769
1.45286124685529,1.21032052673399
2.26531841562457,-0.865685108583421
1.02748333361322,-1.39229607768357
2.08272958881877,-0.0513881049118936
0.391197770965149,-3.7123638484627
2.40920974171857,0.0083247059956193
0.188559147478454,-1.57696373062208
1.44618024084663,-3.33426723256707
1.70423365375081,1.20197215117514
1.62012780436217,4.42514702677727
1.95264100123609,1.29987599560991
2.1751075429536,-0.943593955598772
1.59493004633352,3.14147315453738
2.10629885916003,-0.38474370026961
0.51543134568182,-2.30347422184423
-0.293857039205127,2.1032694960013
1.81102303606685,-3.04131795885041
0.171945192187954,-2.20283051719889
2.68671863396895,-0.0980193144641817
2.87899021452895,-3.35133129032329
0.0186042435405607,2.22552201710641
1.94864128497817,-3.29545050859451
-0.401101338415354,4.06293515115976
0.257740470558772,-2.40124981151894
-0.184218265403955,-2.20287671079859
1.77760119174871,-0.685744974762201
1.59076821863709,-0.810160881374031
1.87904793480073,-0.846081033814698
-0.166445509660811,4.04052496887743
1.94141110620767,4.62492761434987
2.38486503443749,-0.853233833331615
0.622367268314131,-2.67951552057639
0.90286272673415,-1.99013072764501
0.844044873545456,2.93698645895347
0.316600202769067,-2.44956035865471
0.67118999321613,-2.025472947862
0.807755432112255,-2.78890752932057
1.72930172380747,-3.01269751507789
0.293528215917664,4.97061496367678
1.96794575355082,-0.635692661162466
0.0266551563560039,-2.11690236115828
-0.438505947539196,-1.99688125401735
0.888793432522747,-1.38404747005552
0.939816502080845,4.13460269104689
-0.0846931708870824,-3.72413895791396
-0.157435395218984,3.70239245239645
2.34439816731652,-0.505383918061852
0.80236735761144,-3.88699678936973
0.422879584374487,-3.77401534700766
0.453122095587241,2.58334900951013
0.776690329587646,3.92245313618332
1.98720532015881,-0.386829685885459
1.37347684787784,3.53591393912211
0.0233277464212399,4.11682312842458
-0.182180022177616,1.60984413931146
-0.317843316626439,2.43785847909749
0.132926410230948,3.87505000224337
1.37905213681583,-1.35681530693546
0.694838616283499,1.7244678013958
1.2201754661403,-4.34447089908645
0.0996764318555701,1.65846251649782
1.48611040063388,-4.67114379862323
1.91890308864751,0.110042318701744
0.576442285149643,-4.31004983372986
0.0035917828504754,-4.07014678698033
0.645628707382259,-3.54747193166986
2.28451337526945,0.384909126441926
1.70060345838622,3.07199502363801
0.3641931320517,2.22242669900879
-0.331840930683697,-1.85689188307151
0.76465204026525,-1.78540140390396
0.96623303264885,-1.79503087652847
0.0499180238010394,2.32792611699551
0.730685090479157,-4.16645161574706
1.70983884925545,3.28456077491865
1.37950205351844,-1.23968730913475
2.61709797008683,-0.272298234049231
1.14562233113517,1.11619358882308
1.6541386390884,3.35446571698412
1.54976245302865,-3.46881290897727
1.58443378286629,2.92144957464188
0.232538443999085,-2.63385714963078
0.0470411595074803,-4.06135593540967
1.69661701505207,0.174800525419414
0.679801914193536,2.18453439418226
1.22425836162982,3.60268225660548
1.4148820335929,-1.06582918437198
2.65734616885311,0.581395914778113
2.17319693650435,-0.320960185490549
0.198702437130112,-4.28807029500604
-0.0646495641692748,2.51082970295101
1.8629592018141,-0.821328631136566
0.86668893678906,1.49472384015098
2.08009254290246,0.275775594636798
0.839952583955555,-1.96961162611842
1.13461023572326,-4.32234353153035
0.365827195188088,-2.65510857338086
2.18920996557249,0.293266198132187
1.78704167388416,3.32158172037452
2.17524411452096,1.16422702791169
2.09443840923851,3.14388492843136
2.35346582319272,0.819413624703884
2.29062758852484,-0.692151957191527
1.54581242718485,-1.30220380611718
-0.0128850475178737,-2.48331070877612
1.41085784545977,1.3075706246309
1.71038271589101,4.76197039242834
1.66742944299284,1.49563674582168
1.90963334946459,-3.29968920676038
2.24772858478463,-0.912912795320153
0.708624296079292,-3.91159315826371
1.97257027990958,-1.15502727450803
2.06303942344987,3.11171842738986
1.99511950849495,3.0980675527826
1.04784823456448,1.46840579342097
0.245961160767241,-2.62848384678364
0.61651664630085,-1.54260488692671
0.507424378742514,1.81419895961881
1.37701055328166,3.70035193860531
2.4356115428989,3.34515322931111
0.371832369023767,-1.96615305263549
0.0825270382386783,4.04900055611506
0.615828447478896,-2.64550760621205
0.512524803302694,-2.27163930190727
1.34004836428735,-4.45929826470092
2.21622959873117,0.792565743904561
2.16527604248185,-0.10967337526381
0.454559797424755,1.56151584116742
1.32409254688203,2.94332568068057
0.683260862039325,1.57428916078061
1.12619249695713,1.39021062990651
1.29172777844403,-4.78412883123383
-0.032864862074988,-4.87139204749838
-0.179858497636613,-3.85449770605192
1.13818340051846,-4.78117869701236
1.4502794634741,3.48819427657872
1.87372059488778,4.50156658189371
1.58629572404271,-0.325671704486012
1.08688818812361,-1.60511136054993
-0.220838075207526,2.77390064205974
2.12580974183485,1.23827748699114
0.809512076221042,-1.49576315190643
0.74447698991076,3.7619797536172
0.672842371686463,2.33458067290485
0.188912478164774,-1.88179336721078
2.54820202571027,0.743680426385254
0.411767384686178,-3.99686857825145
0.990474319037119,4.26611898234114
0.306676092742583,2.66716917045414
1.31437586365143,-3.5324955615215
-0.0975950516350998,3.89636079315096
1.00267866900809,2.95222550630569
2.29507984694221,-0.167889595031738
0.236106902286301,-2.29012237163261
1.81105164030051,-2.94073147000745
1.00772290253882,1.09995283186436
-0.165360485478178,1.75015625543892
1.80963816431717,0.459958019200712
2.02723323800504,0.778688504360616
2.71544062499818,-0.86878503439948
0.401817020770955,2.11343073053285
0.117696111401863,3.70773948961869
0.230984610536789,1.56645581591874
2.23883491880029,0.628348388709128
0.402727457218103,2.42135577602312
1.09464725069941,3.49383699474856
0.618633088011485,4.98484486015514
2.25530022568586,-0.172892506234348
-0.0165081410045235,-2.29736177250743
2.24609947053955,-0.68470787955448
0.990718284627957,1.5841156616807
1.66481819855479,3.08165960479528
1.66684088762736,-1.30617535905913
1.04893852438029,3.0907088262029
2.60819257879537,0.696252486668527
1.47365448569896,-3.31700996495783
0.847679394604935,-4.16385766584426
1.01509837883074,1.49940842529759
0.826466300112065,-2.39835953572765
1.65779906122871,4.4145620521158
2.13383172338613,-0.884829571004957
0.718621846702224,2.5797326490283
0.724222988076512,2.75445055449381
2.4475431632976,0.4797701863572
0.974962341080668,4.82741612708196
0.67315288603214,3.92738259164616
1.16855711340515,2.87409991025925
0.425444223475871,3.96426818566397
0.620415310503335,1.58291106577963
1.374642698506,-2.97579721082002
-0.0144900666265855,2.15243257116526
1.99074376979736,3.07783869560808
0.119947059976586,3.60308517003432
1.31222929069475,1.16827815771103
0.553146383121709,-1.59810467390344
1.36963651026586,3.62468505045399
1.83778882103295,-3.36463619722053
0.248599429400188,2.42255315184593
-0.13907735874438,2.0788085530512
0.376348977973127,-4.94881984312087
2.77716557542569,1.04742156108841
1.36986331005593,3.26247489778325
0.2883678586523,2.12818395113572
1.00505315946106,2.94510896550491
1.80166437352079,-4.61805886588991
0.662100416843862,2.19741877634078
0.109933687181482,2.40257211728022
-0.0598318307522057,2.50964597798884
2.18702986202898,-0.286816232837737
-0.0228337859016833,2.09210675908253
0.852388481314322,-3.6720099975355
2.12681661167284,0.633079605177045
0.553285176753285,-3.45910937059671
1.95274908712403,0.299483526032418
0.552816764341125,-1.64818037068471
0.986496406975248,-4.83678437070921
0.198587038571748,4.89303155103698
1.87523284618521,4.65419065440074
1.78242576370979,1.24623866518959
1.93215048818546,0.334836486726999
1.98437625923546,3.36969695752487
1.39948839893648,4.22211091499776
2.44528798446687,-0.791038556490093
2.28550120171972,3.24706579558551
0.906212799892826,-1.75971641670913
2.3887082103932,0.231126588769257
1.63659616186308,4.69820319674909
2.07231067160613,-0.586841530166566
0.50974917578687,-2.82053066417575
0.188313790993143,2.23642688710243
0.898866682169368,-2.81820760807022
1.10846290822577,1.03060476249084
0.666431651280777,2.80121127841994
1.9470527927417,4.70225992845371
0.14967664915727,2.00068215839565
0.57290507415909,2.48922934755683
2.44353258838079,4.53810867853463
0.722309488087708,-1.28081129398197
1.9392113137644,3.41860790969804
2.00754007166132,-0.936423421371728
1.74647465468916,1.16764189209789
1.87163907342067,4.61673320271075
1.50340912839953,-4.82949441997334
0.647140640028134,3.63994774408638
0.157589874652248,-1.94844499696046
0.481541122787437,1.87255510129035
0.334711089047716,2.06195164704695
0.725209372048743,2.62089823139831
0.749687292035871,3.52031507296488
2.12724295297293,3.21038322988898
1.18928340468798,-4.80614983011037
0.904003199054987,-3.64361752523109
1.07239537810915,-3.59504862688482
-0.130359726615983,3.9558179769665
0.570900950140339,4.24142230302095
0.648419237555868,-0.983477656263858
0.596526447485467,2.81627256423235
1.2440631346634,-1.39417498838156
0.723665001791569,-1.61528127500787
1.80047994466185,-4.34465796221048
1.15875188073674,-4.35158874373883
2.73022986888987,-0.105815136339515
0.224980271303018,-2.22344773123041
1.87313415502991,-3.14691294683143
2.10130676342796,4.55001956783235
0.475450407491899,-2.76770349824801
2.57854402900896,-0.465014660730958
0.28404101388689,2.00129613513127
0.785929613879416,2.28606117190793
2.13907325084484,3.37013384560123
1.35747755115828,-2.97749295365065
1.17014852015803,1.531907110475
0.888428922796695,3.56783343944699
-0.108871810651581,-1.7153408145532
2.46693409302807,1.00280107231811
0.715731265294815,3.86392483720556
0.963947674978745,2.4266347871162
1.58567607475099,-0.717798701953143
2.14190758830877,0.222726655192673
2.50747804272563,-0.546522010117769
0.156502854990634,1.77504884079099
1.9753270799952,-0.922970599494874
0.437232279603649,-2.54067944129929
1.11010339052375,4.76582775358111
0.386166852535487,-4.05073831789196
0.982215008136473,-2.97543634427711
2.25404659371645,0.43120568851009
0.71878926696506,2.74940192466602
0.579465960365634,2.93301123194396
2.38398130256198,-0.302608648780733
0.613618498558483,4.04286053031683
0.571277222896375,-2.88204560754821
1.99111980972392,-1.01857150904834
0.412860560227505,-2.74510899791494
1.09740591432172,4.83464834513143
0.763166516450363,2.96254186891019
0.995111777646943,3.53283913806081
1.99282819677965,4.44580972660333
2.16119186694043,0.422051968052983
-0.00760245664372905,4.97873607324436
1.62046694901738,-3.39916595257819
0.760658638122387,-2.1671403106302
0.63088384284596,4.79493498569354
-0.342669516884805,-2.41539523238316
0.495591107672146,4.92200789274648
1.15140322382612,-1.02936410112306
2.59841322279616,1.07097439933568
0.597678677453952,-2.51113128149882
2.00515963364168,3.21017620153725
0.956852671026813,2.85107799107209
2.2460671317565,-0.561683527193964
0.674700510384862,-4.96023399755359
1.42023840002428,4.67285596765578
0.936594861933264,-2.48050754889846
-0.104891590720716,-3.74987373361364
2.04534824124332,-0.20409696502611
1.10163535247554,3.52480021771044
0.576991972094185,3.78966755233705
0.750998756466898,-3.84191893506795
1.99176529363951,-0.676429725717753
0.821799746558926,1.2875392427668
1.71442874434002,-3.39768236037344
0.886118714498884,-4.37597353709862
2.31306691495826,-0.324082470033318
-0.193704780029823,2.58716440293938
0.63345877147059,-4.87166850361973
0.714557165117217,2.77519052382559
0.182752565079469,-2.43193797534332
1.22457168497596,-3.10551728820428
2.45246700810195,-0.509503663051873
2.394159752188,-0.144908665679395
1.78401554354413,-4.54437720123678
1.03681008976099,1.32294212700799
0.429057186609441,-2.32937216293067
2.23501264732381,-0.826185657642782
2.77328652861651,-3.26095435302705
0.20952975417883,4.22592690680176
1.94798140407611,0.543863908387721
1.79265808462436,0.446255921851844
0.665153938922264,-3.94547762582079
0.725669530414922,4.1335158329457
1.78374779723704,0.989811955951154
1.38794259379353,-0.820550725329667
-0.0779931139035338,-4.16249115951359
2.11137133287594,-0.156613038852811
0.567575834512271,-3.76882363576442
0.698205863092646,1.99701069388539
1.04242396718646,2.1047981409356
1.86794851370499,3.44091085484251
0.978028636912293,-1.02489659795538
2.19111432424631,-0.379761827643961
0.527487454378337,2.47493251925334
1.38274934673785,-1.17420897586271
0.726097165761097,2.07400895887986
0.462396166212703,-1.66801064275205
2.0679321775451,0.0423822249285877
1.32826586706965,-4.40961179789156
1.11200368813247,4.05218811938539
1.47405016445426,4.42397004924715
0.99829735343381,4.24010115442798
0.868110910187591,1.80801050970331
0.516011255105606,-2.45899495668709
0.108751296071183,-2.01431645546108
1.95007949025333,0.182687090709805
0.436061637498006,-2.86385336657986
2.06429618529821,-0.0996015081182122
1.84200793856003,-4.49607227928936
1.73514837792088,-0.700305674690753
0.639503973268138,-4.26043654326349
2.185472216712,3.32008910132572
2.75181366754511,-4.52883079880849
0.748092401351591,3.79020169377327
1.11059316513313,-3.57810634421185
0.838824794575895,-2.89497911231592
0.978044040664204,3.79320110427216
2.78107231936953,0.0517595349811018
1.01105886680447,2.81544445315376
1.46695569521754,1.46616261452436
2.44092867940082,0.92528629116714
1.79747388143814,-0.529431996401399
1.57112032119862,3.4337169257924
1.47363717288413,-1.15480822976679
0.391452388887799,2.14177356101573
2.03178543442515,0.767816400621086
0.455649108573593,1.96215569507331
1.96608600406244,-4.45678244810551
2.19855258911871,-0.100137167610228
0.801351196804065,-3.76294641057029
2.18092872170104,1.00708924233913
2.67091522118305,0.806439721491188
2.17206807257683,-0.952187948860228
1.29550636252828,4.65630514547229
1.95263003668855,-0.392401237040758
0.600525344734854,2.09332544822246
0.372402587873895,-3.81455814931542
0.500932693376178,2.61286091757938
1.01949412495565,4.70354976365343
-0.173311122674388,-2.43598270928487
0.367890737744947,2.77940101921558
2.06030918613803,0.925948235671967
0.73183469676939,2.2287022229284
0.227044485748613,-2.39862956572324
1.21998683258906,-2.93222083244473
0.291308833985675,-1.90906104166061
1.22355470957772,-0.975604075938463
2.7349081537398,0.332368325907737
0.691029880676304,-4.05616261065006
0.699913733242813,-2.69974602852017
0.725681809093108,4.93937318678945
1.98557343060277,-0.550999704282731
-0.485165223536525,-3.96516968961805
-0.259068234524953,2.14081045472994
0.415480495524759,-2.3529336322099
0.427478406403731,4.23988811904564
1.5999314794297,0.184511714614928
0.664346116128079,-4.13950377143919
2.18660784838667,0.40891217533499
0.959093579875975,1.31234091240913
1.60731271916426,3.15462441416457
0.595956317574732,4.04235349036753
2.30005757699232,0.881923246197402
1.78781088233169,-1.21043445076793
0.662449995407971,-2.26183705497533
0.168062052688414,-2.38996986299753
0.774405695057423,1.6440538642928
0.299413978753851,2.26845029043034
0.718589138282528,-4.2752312682569
1.79346778894183,4.76703636348248
2.01221354413832,-4.60489819059148
-0.281412590619788,2.26220020325854
0.193889869093397,2.28649090742692
0.697273145259708,-4.2859090003185
2.13792051189172,0.922965356148779
1.96782596277409,0.478381044231355
2.49228544772908,-4.50885728932917
2.43990347487965,-0.380237787030637
-0.0579689212022595,2.27061590179801
2.28290875267698,-0.666817193850875
0.183989499598,1.91262594191357
1.83172654737287,-3.00979783991352
0.55755228807148,2.77024247916415
2.48869592900326,0.794033955316991
1.86076599911152,3.18766871700063
0.58803563789213,-2.77232311433181
2.41911915081172,-0.511139221489429
0.0689148211485414,-2.76527510024607
-0.176455524500166,4.92153802886605
2.90154928608999,-0.565412868745625
1.62184329576826,-1.41782735008746
1.59666477297026,1.80773242376745
0.374548506692382,2.45114046381786
0.502156759098342,-1.76372376969084
0.116740405685699,3.89940679306164
0.914584812604234,-0.971830131020397
0.334224266976909,-2.6972081977874
0.150136486812619,-1.49633061373606
0.828557824475164,-3.55244969017804
1.42300171114557,-2.80250656418502
1.82173805823209,-0.428142587188631
0.371215263005483,2.49018492177129
1.00990225988438,1.24381358968094
0.758303902946154,1.6158370859921
2.03179913785712,1.12836436834186
0.458505691245863,1.87385228695348
0.22149939429939,-1.85160089749843
0.97375922893739,3.95885277306661
1.1425347193591,-3.53526962921023
0.831778666007839,2.46206397656351
1.89692741748871,0.628292369656265
2.66061082726185,-0.772816054522991
2.75253262901166,-0.558117171749473
2.04631591007868,-4.5191897219047
0.666958580410446,-1.4497785223648
1.94187247401749,1.03579153772444
0.772659522315372,-4.8830401035957
0.596435415791492,-4.94341731304303
1.38336860640213,-3.0462107853964
2.37419985234078,0.149703086353838
2.62859674305129,0.289395055733621
2.43310367438987,0.216257893480361
0.692547901647249,4.75656689610332
2.80281641414974,-0.259280384052545
2.58090315411378,-3.24165308382362
1.77893347868948,0.750377157237381
0.494533728024299,-1.91448719473556
0.675057170640913,-1.60177894402295
0.686904171575831,-4.23963871551678
2.6461971229079,0.106474559288472
1.44940111587745,1.43070322228596
0.329630207760702,3.86375797912478
2.40870323826842,3.25831305701286
1.69424052557257,4.78267739759758
2.36664099802131,-0.833170702680945
1.78667597448666,4.37352485721931
1.93515373793974,-4.47788342367858
2.67819782388339,-3.17390870070085
0.30602232303401,-4.08093886682764
1.42754953182885,-2.87899297196418
2.48923240303984,-4.61710251169279
0.627018756563234,2.48359291581437
2.29330911718334,-4.53618406550959
1.41590321706705,3.0375787243247
1.306332363076,3.46837369957939
1.77294418590141,-0.586884368676692
1.36576910249872,-2.75618586456403
2.27269729103729,-0.459504872560501
2.29760827065119,-1.09748703194782
1.56722809582146,-4.35667450539768
2.23246383670542,0.808611463289708
2.06813201441041,0.457749362103641
0.814352334324184,2.78542001266032
2.00843142308773,0.728731919080019
1.54709937399836,-1.04013769654557
1.95104541954849,0.793828333262354
1.93792597441755,-0.660254221875221
0.481297943434604,-3.81525124656036
2.71188724315905,-0.461358514148742
1.11059660299669,3.66263029398397
1.36167233405922,-4.68205801211298
0.41653500679062,2.12877506390214
-0.650801975916738,-2.21850610803813
1.13030181128138,-3.59248774126172
2.16966283735023,-3.45028609735891
-0.0316923638173678,3.67827482055873
0.336414896370214,2.08405555225909
1.26547146518191,-4.51886804774404
0.780699450144776,-1.65021428838372
1.73592341982806,-3.12558695906773
2.27550122700285,1.10674785915762
0.534209632736925,-3.81368769565597
1.33994296240319,4.35967419529334
1.7465582141964,-0.523763154633343
0.760252696935177,-4.96552007738501
2.00078244942828,-4.47727275080979
0.30306970241629,-3.40545358601958
0.772766131758881,-4.18772048316896
1.71894339999248,-0.813657063990831
1.54805825392772,3.58003048924729
0.707152239803657,2.63950994936749
1.73549640133355,4.66679013334215
2.72001801009966,-0.739222599659115
2.1798522463169,-3.28499969793484
0.630490478211669,2.12444396689534
0.833052958033269,4.25918297376484
1.09223650984567,1.49570200126618
2.18203478500003,3.16528992261738
1.08747250441162,-1.71656698454171
0.472197935912807,1.72803479945287
0.365285782139423,1.5825942880474
1.1775740038533,1.39711033320054
1.82708936518285,0.867152821738273
0.867477197195501,-2.24420971004292
0.312443484760859,2.88058166392148
0.265744352900871,4.11534485407174
2.13611577362302,3.31044326769188
0.633400815394769,-3.81975939963013
1.73295169386457,-0.0789790390990674
2.38579151576002,-4.58063824335113
0.9759531931915,-1.51632563211024
3.09525085503677,-0.109152053482831
2.1517132831185,-1.16258185589686
1.92433575269749,4.49521331582218
1.98671999011392,-4.56549810944125
1.00359057799862,4.71864112885669
2.2015123734056,4.50886944774538
1.03901797042753,3.75699758995324
0.505781209104887,4.75043401820585
2.87731683663554,4.51802361756563
0.332850851624672,4.90393654443324
2.19872452468244,-0.747764725238085
1.62717728147542,-1.32718420354649
1.37763692114411,-1.36104154400527
0.728350177265509,-2.21761509077623
1.49314404356619,-0.984940519556403
0.968043876917401,-2.13731605326757
1.92403985198352,-3.31640915479511
1.79168827446686,3.13434511423111
1.28574892504862,1.16024788934737
2.69039029490958,4.57470816327259
0.544633344200043,3.74723038636148
1.75937809144416,3.30195164540783
1.68199613708457,-0.795286677312106
0.438451534471104,-3.8581502251327
1.51843209119331,3.32692789379507
0.90426509206334,3.55334928492084
2.43515810594583,0.0100665166974068
0.957164221535395,1.53705569682643
2.60759042325733,-0.247983490116894
0.988235435847568,3.83164192549884
0.471125173288108,2.2283631702885
-0.0763138689039848,-1.65406509535387
2.42430196897464,0.176921628881246
0.116144016865858,2.64927944401279
0.148141632814758,2.34488484915346
0.425661860135755,3.84884383296594
0.718438738858209,1.78927408065647
2.38405831967815,0.489561555441469
0.513783249163261,4.03109512990341
0.199423095408941,3.85715835727751
1.5579884216089,-1.58036656910554
0.863978456623771,1.30581123288721
0.557351475585879,-1.50765898171812
1.04929877663813,-1.37366792652756
0.337339044247656,-2.04745690105483
2.44430230515086,-0.139915370382369
1.4872033327341,0.970354583114386
-0.143093352442735,-2.034410929773
2.24558132272454,0.697175136301666
0.462975530690957,-3.77471688669175
2.56427438674953,-0.218273913487792
2.03717727495591,-0.16670374199748
1.67530832130084,0.890503688715398
0.967868017257913,3.64127989159897
1.72590573458921,4.70367493806407
1.10619843825636,2.77768993517384
1.19661570953258,-4.10856837639585
2.00605650541905,4.46088886121288
1.77788969943144,-3.48138706991449
0.349762744149318,2.56206903839484
2.42256977079072,-4.66426170896739
0.935719460674578,1.26153285615146
0.602874515276797,-2.16907726367936
-0.072148767765157,-2.23222529049963
0.843719955462832,-3.49617904052138
0.116158938990522,-2.11203416343778
0.232998170080002,3.63019332056865
2.04355427373989,0.488304500468075
1.02903387699234,4.29555401671678
0.92486038752189,-3.5596006992273
2.04533289013947,-3.40087455464527
1.34699404923652,-4.61650907294825
-0.0899539236872343,3.8641893886961
2.0574125048344,-4.6118686394766
1.97501248633421,4.63394740363583
0.668251000569103,3.50317337084562
0.315578480743242,-2.40693630417809
0.453475410000119,1.47361123934388
0.657693464671714,-2.39595431135967
2.24232437397581,-3.18614140385762
1.39285140180078,2.93678063666448
0.958773470684089,-2.80737078515813
0.394438651763842,-3.89362562680617
1.3073628923796,4.81481136288494
1.74832563915465,-0.592549084685743
0.664520384789059,-4.84595500864089
2.39475645234392,-0.0586735410615802
-0.0901043432447481,2.06268448382616
1.45033331770179,4.73187397234142
2.09129324592964,4.41539785359055
0.708718283756282,1.98562862118706
0.309398007713578,2.21378275426105
1.7150669643255,-1.2544013815932
0.272415108267522,-1.73723543295637
1.45728462177739,-1.26074674306437
0.677723091110538,-2.99350489396602
-0.0187112863125163,-2.07190598361194
1.07818439206763,4.28760380716994
1.86403952881869,-2.85483477637172
1.74041071719333,-3.01014475291595
0.69222116566762,2.27061365963891
1.72076710365258,-0.182636622339487
0.969421736223787,1.37556310743093
1.06041789008363,-4.67127414653078
0.664411241747971,1.61632069852203
2.28779748935522,3.30555676482618
1.40378889427705,-2.8343893866986
0.357297620243492,1.62617183756083
1.66256472846082,4.83642215142027
2.35448843756842,-4.51997020980343
0.409383607974821,3.93559418618679
0.571086451372961,-4.83983583049849
0.939374837577879,-2.95961970929056
0.554637591233079,4.89632002310827
3.5154653345779,-3.11482584336773
0.680623153518163,-2.28028079960495
1.73754595330291,-3.14728924771771
1.40587033281641,0.907221913803369
2.13888358219033,0.317404645029455
0.544286160616324,1.644888126757
1.60883634274605,3.44169115414843
0.557224534333102,3.60867022769526
1.37184486375989,4.93509655818343
2.03878510437159,-3.29882907913998
0.473742355933805,-1.72298826277256
0.229482751246778,-2.42529600858688
0.243569801050464,-2.27379442192614
0.856661022975794,-2.32061797752976
0.580642741634655,2.23051461856812
0.0859331763292832,-1.87729041092098
2.11741002277864,-0.228990965988487
1.94874599982543,-2.98183157807216
0.0942715397411575,3.96794099826366
1.97975582303645,1.20191758032888
1.53069943843417,-4.60917869815603
0.319403939234019,2.43289503734559
1.81779976363921,4.48394394712523
0.12704753290102,-1.8671736610122
0.175695844064623,-1.81836308678612
0.898118723480564,-4.31082214927301
-0.0756962146576702,3.87354937847704
1.42307690623164,4.81458915630355
2.78231226665008,-0.251260069198906
0.882234775426521,2.98257561167702
0.602089909890073,4.79921204503626
1.79124643046066,-0.347409381065518
1.03911133796533,2.45611176360399
0.800319529543853,1.86248288257048
1.30651141199103,-0.758751700632274
-0.15461201141098,2.47320671798661
-0.0201874371547105,-2.08405150100589
0.735030088221369,-4.78879583301023
0.753503590069817,3.67388645885512
0.325680491536966,2.24718163488433
2.62268402904282,-3.19674684200436
0.710378410241138,2.57800876628608
2.78986519163168,0.276477884035558
0.0363970563445426,4.10897370427847
1.12179890579003,-4.76300129201263
1.82432493703553,-4.68007241841406
2.37670346358976,-3.24909676797688
1.90480219377871,-1.04758822126314
0.816403645551519,-2.50846269307658
0.126649041938498,-4.17587493779138
1.55505433330413,4.71579651581123
-0.0439160176090286,-2.40755206905305
1.87952954142043,4.49336350429803
2.15421984837494,-0.832215470727533
0.0648684306792651,-4.07801441615447
1.97812675427493,-0.567795897368342
0.383179701097648,-3.47422898281366
0.593908943880566,3.88100224081427
-0.122303673111268,-2.35894866054878
0.335010136565013,-2.6567308162339
1.47057983590752,3.01612993469462
1.61875946108265,4.69918904826045
1.50810016909931,-4.77707502897829
2.42096074887607,4.57243672804907
0.469700866124073,3.66677329409868
-0.0787809337399176,1.93143953103572
2.07322563931135,3.50637080380693
1.20542227964832,-4.38230875413865
2.48455902300119,0.273914381396025
0.456697396558203,2.42220213636756
0.159039633136025,1.85401557013392
1.86359766931723,0.670378603972495
1.63710881203575,0.759890635963529
0.514526188960967,4.03453126782551
2.47277691422823,1.03813828201964
1.16695259574156,-4.66628788970411
1.79164446137979,0.844598598778248
1.53496849686185,-3.04985926253721
0.597433800249915,4.25291033228859
2.06490843687328,0.597026646137238
1.15482197243206,-4.97063198825344
0.319196022875172,2.2133514424786
-0.271964575869822,-2.01607241062447
0.927332703580891,1.22499679448083
0.935255129158136,1.51664789067581
1.93792799715315,1.09852225519717
0.578252991993444,3.71475760126486
2.39247216032247,-0.436343508772552
0.209523741006822,-4.24073812318966
0.496278508795871,1.43338864902034
0.657652164965007,2.50630587106571
0.646655053680013,4.28163924952969
2.33453653954993,0.310208413284272
0.381174877389439,4.88594191381708
1.54636434971421,3.38613127358258
-0.339603203874006,1.92451528972015
0.58791800293244,3.90140873380005
2.13887518535862,-3.44114636536688
0.187706789946207,4.07303997781128
0.374756777122039,-2.03237594570965
0.687548665954862,4.34613574063405
2.23365896556287,0.131230738479644
0.637560869306815,-2.79835963854566
0.430984446438125,3.72760532889515
0.0977138646966772,2.55985042080283
1.49673376860895,0.286801790352911
2.44387531316066,-0.643971730023623
1.79633406791993,-0.168019088450819
0.548657880920928,-4.92708978476003
-0.158678440976765,2.08569034934044
2.46180008237766,-3.28557829372585
1.51298905443938,-1.19134810753167
-0.0455034108758709,2.41159778786823
0.602687794624015,-4.16396126849577
0.352990851493129,-4.26395074697211
0.72205778330067,2.78591642156243
2.66665356155091,4.59747023647651
-0.0544015552755135,-4.29743894841522
2.00264021814453,3.33312484901398
1.08876896357094,3.63039379240945
2.19790019820323,-0.617497134953737
2.02097641606593,0.0676239654421806
0.913551586363933,-1.550360720139
1.40058865659657,4.63022438110784
1.57347925141538,1.33530929218978
0.231014814548002,-1.96828341810033
3.11775229375735,0.151662433054298
0.774371227319021,3.73299174942076
0.635860994677369,-1.984843746759
0.946167505807668,4.74988787667826
0.264885467639315,2.21689193509519
0.925395920049073,2.7101007825695
2.06024741596338,0.345615022815764
1.82368174926326,3.02390119526535
1.06829782011976,-3.20070688147098
-0.136179093161402,-2.56508306367323
0.983114562500746,4.76386040449142
1.92107032812994,-0.849169883877039
2.4150115935879,3.39155378518626
2.74289195002016,3.27561531914398
2.27392281375824,0.832580712158233
1.58920643556915,1.0093897790648
-0.0369841042381264,-4.08225426217541
-0.0581114772618562,-1.75686169182882
1.9405664745608,1.27909199567512
2.42215450603236,-0.71248602354899
2.00658844205726,-3.34671492688358
0.801799308078658,4.88515903241932
1.65614694237154,0.66364576574415
-0.209018333272783,-4.12211176939309
0.150261025779035,4.1278301528655
0.290047751848313,-1.77665796363726
2.39723347475939,0.0863107247278094
1.93863155588941,0.688867582939565
0.718076524254669,3.69942069752142
2.04315681784458,-0.287768098060042
0.954836747160431,1.5141228097491
0.509642123867102,2.334873334039
0.269669456212207,1.6686719795689
1.19665439800927,-1.22583023738116
2.80762960882105,4.51806141296402
0.580362971715131,3.72815655078739
0.766359186091926,4.28145817248151
2.44068059540724,0.0621049711480737
0.470039631129164,2.17013039626181
1.88599800635003,-0.587966747116297
0.497906772997128,-3.64964665612206
0.246546285935794,-2.69919793121517
0.167275343053599,2.93937672162428
1.5021221805391,-4.41373749403283
0.792829330842909,1.5743994154036
2.01221708656437,3.26520902570337
2.40899255573372,0.350559647195041
0.0199664631074817,-3.97179362364113
1.85137885260705,0.47986960504204
1.15896747168618,3.11315251048654
2.70624279948006,-0.337679842486978
1.0275894937481,1.46683375816792
2.21961351357963,0.517666239757091
0.385254096684237,-4.15968903340399
0.734177165294887,-4.99087675940245
1.03744144415291,-0.95659765182063
0.936614632820177,-1.21985010802746
1.10732046439125,-3.47822009120136
1.88249748830981,-4.78922689566389
2.66128099355949,-0.804772991687059
1.57227221636294,1.33688799338415
1.70610398669834,0.190283365081996
1.13464084059107,4.75812385091558
1.82305542219058,-0.403071895707399
1.85793763357064,0.431853369809687
1.44143675885164,3.362740019802
1.47980851642373,-1.06563554611057
2.02701585185773,-4.47563484311104
1.19869424340494,-4.11729419836774
0.451364314736917,-1.8786998745054
0.557239182301368,2.90229883976281
1.77365148006708,1.08551144134253
0.990303307503473,-4.34538779081777
1.66799694092763,1.28552386304364
0.361692590515237,-2.02037728624418
1.78303788469328,2.95097965281457
1.6536295295137,1.28310679225251
0.676484629125615,-2.05651332158595
1.42263496996766,-3.57444323133677
2.22859889058548,4.60218328749761
1.60172432362663,-1.23137292917818
1.67622016671804,1.27649661386386
1.79412698830924,1.20177017059177
0.610267971465601,-1.72206700546667
1.85216549936916,-4.58482889691368
2.3760865475577,0.177298889029771
2.39283916453081,-0.0886052777059376
1.34820131757477,3.62041685264558
0.542635611981458,-2.7873436268419
2.31068686577084,0.442028052639216
2.31435448707546,-0.875570671632886
2.33253149943102,0.627151266671717
1.82525630384303,-2.95663607539609
0.388650604641276,4.95293750893325
0.290445592710928,1.88166136853397
0.544980877504084,4.2050272366032
1.96940749943869,-0.485158078372478
1.46718661267872,2.97644483624026
1.35245270784287,3.03509814431891
1.67406661047578,-0.347096847835928
0.385011366741382,-3.78785935230553
1.90838395751146,-4.48189148213714
0.991334057859692,4.73613759502769
1.51252788000755,3.23407764546573
2.21220334221406,-3.35554032120854
0.98938043454211,4.24111955566332
0.216542983076966,-4.22399629605934
2.12030609810871,-3.14547085668892
0.994491851504886,1.55053430004045
1.01132351774574,-3.69007795350626
0.347800746626695,2.55192616954446
1.97997966870465,-1.03366985684261
0.683764646394364,-1.79951143451035
1.57230960274328,-1.18331470526755
1.51287807607922,-2.99581427127123
0.975820171436655,-1.25760756665841
1.32581175342852,3.4493765514344
0.999502909825941,-4.6579095418565
1.59097379341139,-1.49307634448633
1.37080967708157,-1.15844135172665
2.27032261582008,0.286601895932108
0.983993850786499,-2.56899525644258
1.34331871272706,-1.47223723120987
0.347162689634253,2.49912675470114
0.115253139903586,3.8559768977575
0.722027727880113,1.62554333219305
1.34933061218816,1.32934887893498
0.356590841908593,1.73856498207897
0.461788104329813,-2.07243865821511
2.8845924311003,-4.55986007815227
2.66028008800873,0.674103416968137
2.94738939771578,0.108610766474158
1.52051193074145,-4.59861716721207
2.0843498835176,0.331527076195925
2.6572906822481,-3.25046428479254
0.85159576404695,4.1862859018147
1.06979319885749,3.54298437712714
-0.0296348050764471,1.73172402894124
0.158813307756127,-2.39611068507656
1.565214477547,-0.00868346774950624
0.60853633815986,1.59140756586567
-0.252264809467341,-3.96352408220991
2.08902006384954,-0.62544790096581
0.814623263741826,-2.79120279941708
0.172333736320147,-4.21839172020555
0.0763172732096405,3.95853569498286
1.81288944013239,3.05266607319936
1.34176680181385,-0.748068704269826
0.905766084525036,3.56014243559912
1.75100637926532,-1.11769678769633
0.250762064938644,-2.53015188267455
2.11807384932667,3.09371359879151
0.184801965403897,-1.69141257181764
0.049055703368016,2.44431117782369
0.242682831390762,2.36955205444247
0.33822878737608,-4.20751826139167
0.565966876554556,3.76616014400497
2.58832263378947,0.123409302905202
0.794864074212592,-3.56528245611116
1.05447707230595,-2.67569866264239
0.0478842774335514,2.27771078934893
2.06845986199704,-0.751813775859773
1.59264459240998,1.08926886459813
1.15943203726094,2.94702745741233
2.17949511329584,3.23385681957006
0.873706123613286,1.88448632601649
1.06028731087913,4.18856531148776
1.30733836310397,-3.06895741727203
0.257898993180253,3.88103848556057
-0.0837345769890319,-4.0417073154822
1.73324388434695,-2.90414473507553
1.79327625976047,-3.42647333629429
0.960594874151843,-1.58513379748911
0.266211988958704,1.94992188829929
-0.0600147995552306,3.99456691462547
1.54975200589529,-3.55048784520477
0.0308731008338053,-1.72506214585155
1.98529278062353,3.18148365244269
0.7803796822825,-4.42982226144522
0.762324997895297,2.09100362611935
0.701457659734111,-3.69341410463676
1.40382136061934,-0.926610354799777
2.03360393269758,4.59714272990823
0.945617795470969,3.55733164586127
1.23865467016306,2.8790088230744
2.58982835602857,-1.04757996974513
0.560992541206291,4.2076463997364
1.91995491349642,1.00052931811661
0.250055016056594,1.85147525509819
1.40570582173315,-4.41284058382735
1.85925105778451,-0.981131088919938
1.6334777348048,-1.29500999115407
0.499269832123297,2.49510446563363
1.82356162843364,-3.11820407863706
0.191756582457063,3.69446484139189
1.5547582579853,3.38601966388524
0.555427094835645,-3.97673510480672
3.17585706468572,0.205083284527063
2.39084193128802,0.00520558096468449
1.67773007417747,4.46238419273868
0.198220609156938,2.02416660031304
1.55742158238447,-2.31188937555999
2.27881782467867,0.232752014417201
0.688853344306525,2.24569192156196
0.332468218258948,2.65204677823931
1.98766720466791,-2.98028873745352
2.11556566544912,-1.0686521185562
1.37671272483304,3.41057338286191
2.65064865465593,-0.932116874027997
1.60874666834471,0.237098140642047
2.66863262178453,-0.554516564588994
1.36621098457867,-1.43787242705002
1.15944844714606,-1.71230498934165
2.75665529329833,-0.403584220912308
0.875070907139644,-1.50341978995129
0.489581751171151,1.71557414811105
0.216428770514217,-4.1398553783074
1.27173367817042,-2.90564012015238
2.60400151421329,4.50224594213068
0.634829328207647,1.61952483234927
2.2275208403802,3.38268802966923
0.246044715710056,2.20071810530499
2.66661212396206,-0.449127382598817
-0.260679751037373,3.74919258756563
2.10706301642888,-3.37904822546989
1.11057473541953,-4.26502960734069
0.496906197613785,-2.48718132963404
2.58608393064469,0.808012592606246
2.46039684821186,-0.0150086102075875
0.842362005491365,2.25957836490124
0.471576098848228,2.79202951351181
1.9982967462669,0.284225125797093
0.612041947708299,2.24756024777889
0.246280586283315,2.09774916758761
2.23504262261653,4.54114826861769
0.258430187107004,4.0482980851084
2.05431971010319,0.321283582597971
0.426203447144316,-3.71387351769954
1.73504171086006,-3.51083726389334
1.07288922820533,-0.977524952031672
0.64140643110828,1.58570401603356
1.61031828120174,-3.15933520672843
1.80149961409291,-0.720740081742406
1.49604995991372,1.41437919344753
1.08568124790077,-2.43289047852159
1.34451586567109,3.01828574156389
1.0376864264041,-2.91669789934531
-0.274242818627668,-1.96580529212952
0.742742666347447,-2.409117447678
2.38358895115729,-3.2846198277548
0.814233623991949,3.78819607198238
1.44155213189935,-0.121941163670272
1.62288122348956,-4.66448418097571
1.49038839013158,-4.54278778051957
0.308135065320114,2.41814766312018
0.179199412373466,-2.61107482481748
2.22408617157682,-0.682405834086239
2.58126621747497,0.518043467309326
1.26671472969366,1.42929329536855
-0.0767836339888457,-1.78339775418863
3.2317556811487,0.0220345170237124
0.260784716812753,2.08986378274858
0.764133776516351,-4.01136788772419
1.52543626419018,-0.482144311536103
-0.121066175532076,-2.23962988005951
0.505499290286233,-1.60443601664156
1.39574112668619,-4.6888738241978
1.74557258789673,-3.1583194877021
1.85893673162522,0.990251447074115
2.68505889005245,-0.0686623901128769
0.441687644014979,2.35206122044474
2.25182764214397,4.4480004766956
-0.305650569358824,3.950925830286
0.209811857964156,-2.85671656951308
0.635348481561382,-2.72058265749365
0.329635617034282,-3.73513084137812
2.62650254617741,3.35762924747542
2.57812430427378,-0.408063868526369
2.00727753645991,-4.55648212926462
1.66156399762202,3.50953571964055
2.42331117531377,0.679132924415171
2.18037074425783,-3.18029064219445
-0.0124411718532588,-2.16204365249723
1.09647825736,1.36161749251187
0.345838323861784,1.99542923597619
0.234873175880683,4.02609455399215
0.886068585851767,1.55815565492958
0.760335935184856,4.77093135705218
1.25709576666698,1.4108571363613
1.89509805900478,3.16300310427323
0.0502107151965269,-2.81633583363146
-0.479831780189859,-2.21564442617819
1.67793554990951,-1.158950580284
0.678290777404348,-3.68969078874215
0.907567889208952,2.83610455691814
1.42700014980606,0.980427477043122
2.16844538052617,-0.278442879207432
1.69707440868645,-3.30661577638239
0.66083737746605,3.6879666778259
0.658883932304835,-1.47507254965603
1.5545855786484,-3.06154857156798
2.89846777225556,-4.65716007165611
1.5763919364844,-1.04757658904418
1.65916410704478,4.75158577784896
1.76696983761989,4.66196424327791
0.946546656121216,-3.89460931299254
0.227848109674457,-4.00278793880716
1.72809458891018,4.4557820353657
0.434486658009404,-2.3080065799877
2.42192056288107,0.469488815870136
1.18950924753727,2.76855265721679
0.353376007363692,-1.84217492118478
1.62845181758811,-1.00705190328881
0.569879782881746,2.30503686936572
2.61129614600297,0.0622492958791554
1.88328174569365,0.147049834486097
0.271386974068014,-4.22174499602988
2.70509454837599,-0.542754849884659
0.0584351203776285,-4.14057360496372
2.29438000047534,0.772351077757776
1.84528716463837,-0.886134072206914
1.70705109826118,3.42642153613269
1.4730645098219,0.521068689413369
0.196350901060143,-4.27052253857255
1.65797867416667,4.44662004942074
1.40441885589001,3.01949784392491
0.472446412682744,4.87184975994751
1.8304180928118,-4.47777215391397
0.711436489495429,1.52019196655601
0.452032077043689,2.61658655013889
0.933147153456314,3.71855706209317
1.58478225629071,3.37636030744761
1.0585715244943,-4.83607714995742
0.530943208146393,-3.92733631888404
2.33129882829532,-0.165817148517817
1.14110219470497,-1.89666009740904
-0.389206988914948,1.8278898159042
2.79046279035829,4.56271915696561
2.44215073349519,-3.18282100139186
0.787194224165159,-2.63308610534295
0.687896390408347,2.74499461520463
2.26500127071534,0.393696958199143
1.19520171056718,4.37179612228647
1.53505121540245,-3.6251039034687
0.805663804039855,-2.94569863472134
1.54709991446457,3.03296466358006
1.44047806430384,2.96651411103085
2.06968937254686,0.891161754261702
1.32200610824789,-2.9954738356173
0.372763530412174,2.10844955872744
1.88472847414136,0.942839575000107
0.402708289631243,-2.11343868169934
3.01375406236764,-4.49938694713637
2.55815394616221,4.51313502155244
0.70418466970198,-3.54754634434357
1.20366453762009,1.51612261775881
1.4946446850415,-3.10591412708163
0.420865239051495,-2.48144682496786
1.38774654681105,-3.52493179962039
0.905235508263463,-4.79193910723552
1.7209327700623,-1.44332295749336
0.241465274196047,3.76847472041845
0.829814289477194,-4.21187321189791
0.571050156118556,-4.98701635049656
0.735407613720837,-1.30810413043946
1.87960889520161,-1.13431948237121
1.41822649630767,1.68950119521469
1.45500381199675,-4.68746426515281
-0.118517199161939,-3.72200861340389
2.33540332234479,0.660040678922087
2.49828316368978,-3.31973621156067
1.03910879445833,-1.59482899354771
1.55440638351008,-1.35504542151466
2.45575927749655,1.08196870656684
0.356008579628192,-3.91512725502253
1.01358796319133,-2.78668920276687
2.12467529733683,-4.59317726548761
1.98164929165678,-3.40169316856191
1.16823963703516,3.54446426732466
1.23813583215405,3.57184051768854
0.0730758931719367,-2.6088011963293
2.36749959814954,-4.63852648390457
0.581632973153341,-2.79077591374516
0.24216034844628,3.86968275299296
1.59397900044596,0.8674316550605
2.24500859857094,0.702574297320098
2.61625148962814,0.188158829696476
0.242857184646605,-3.81255383137614
1.30656274532982,3.04441403597593
2.38390653562677,0.597479194402695
1.85420957089294,3.26613155659288
1.45147307512499,-0.630431545432657
2.63333469063865,0.224550552666187
0.888550874875463,-4.32937572477385
1.98777304862412,-0.669064661487937
0.547762638882555,-1.85121575836092
1.54075760296388,1.35195900918916
0.906487239096458,-1.22213499387726
-0.364336282683594,3.75667828135192
1.60402825517945,-2.95414600521326
-0.0666182304380539,2.03145185019821
2.58833568751316,0.0909820012748241
0.0648267537793533,-2.34141577966511
1.60178176255285,1.42385631799698
1.33977110142711,4.08932146383449
1.15157529297896,-3.22301976149902
0.223750452717929,1.4170121611096
1.85508310503771,-1.08321075327694
1.27486247420464,-1.26101552275941
0.503625591352725,-1.87088613398373
0.0843164661979873,-4.07701885793358
0.668522933386421,2.70148965995759
2.11543004485765,0.176571707706898
0.76355855423804,2.55913819884881
0.595994166601679,-4.36964924214408
1.0165201756564,-4.91599854081869
2.07926501085944,-0.632367788348347
1.08830937267012,-2.9265365563333
0.462408817997197,-1.72788967145607
1.44723536656518,3.12655154149979
0.31487986937659,2.47522315010428
2.56594656687345,-0.0816082186065614
1.22799509390536,-1.63147921673954
2.36584459168563,-4.63622653856874
0.432440790254902,-3.71375235496089
0.839440041529338,-0.821683744434267
1.32941268924599,-0.954960014205426
2.56819709622034,-3.12054325826466
0.67733734412367,-1.82186553487554
1.19904992519289,1.55153451720253
0.65695149432291,3.93007024889812
0.729578675714069,-3.78993437858298
2.38038043659982,-3.22230463614687
1.62612094550751,0.129427707288414
1.44315787535345,-1.31664108484983
1.05900894885932,-1.29034957615659
1.8621751079149,-0.854426063597202
1.27187520996248,2.84933767048642
1.74690295445794,-3.29334935639054
0.661157552619171,2.54830237943679
1.69563456164142,-0.268996399827302
1.17183421687093,4.85105141997337
0.634265404305143,1.96208628127351
-0.0487812661774427,-4.07017965102568
0.653805367773516,-1.40736229717731
1.66757399119199,-2.94655730482191
0.442535111564753,-3.84310327703133
1.33544937125608,1.24997060047463
-0.394899236186789,1.86434080591425
0.710178580813449,-2.44159432360902
1.65868778749764,-1.40829149633646
2.07902582084371,0.0969699397683144
1.34558207558058,4.91526820929721
-0.221760360738432,-4.07505488488823
0.643682546392146,-3.84652117732912
2.20119988527962,0.803149123676121
-0.339506972578616,-3.94357755547389
1.89561291461463,0.386908687651157
0.636581110758773,-2.2201567213051
0.48986668631222,3.61591716762632
2.43792757592315,-4.66131531866267
1.22224536528045,1.4529854664579
0.558886076154409,-2.04777154373005
0.511303325801534,1.68054514797404
2.40773974376246,-0.650222012773156
1.78530520282344,-3.26789439888671
1.53888802125394,-0.713201770558953
1.61817928339633,-4.75998099893332
1.50869193535066,-0.556000128854066
1.52423272155212,3.38158301077783
1.94642201818715,-2.96389061026275
1.73295473067805,-4.4689955515787
1.81847727466866,0.680100547615439
0.629608123631026,-3.79542850190774
1.61735942823169,4.4426727341488
-0.196255259589633,2.43088596267626
0.185593827958433,3.76136259175837
2.27195779460571,-0.43742781272158
0.80797784060412,4.93408217327669
1.98753363319652,0.0881621497683227
-0.0731258093913064,-2.05334092490375
1.71822943218147,0.0107864290475845
2.3741780635166,-4.51673772884533
